{
  "stage": 2,
  "epochs_trained": 60,
  "final_loss": 0.00016925435920711607,
  "convergence_met": "True",
  "early_stopped": true,
  "loss_history": [
    0.0002905085166275967,
    0.0002628916918183677,
    0.00025459318203502335,
    0.0004781082425324712,
    0.00038832730933791026,
    0.0002773194282781333,
    0.00039976805419428274,
    0.0003229444191674702,
    0.0002659238816704601,
    0.0003783446045417804,
    0.00023154839072958566,
    0.00024841955018928275,
    0.00024025175662245601,
    0.00030748138306080364,
    0.00037991457793395966,
    0.00034663269252632745,
    0.00022347919366438873,
    0.0002691710069484543,
    0.00034222457179566845,
    0.00023628565759281628,
    0.00029908702344982885,
    0.00034082364800269715,
    0.0002934674485004507,
    0.00026048661675304174,
    0.00021941478189546615,
    0.00022510793132823892,
    0.00017288476374233142,
    0.00027019583285436966,
    0.0002481437550159171,
    0.00046440890946541913,
    0.0005789327915408649,
    0.000383270533347968,
    0.0004368038644315675,
    0.00033060340501833707,
    0.0003199585553375073,
    0.0002613432843645569,
    0.00023032701210468076,
    0.0002343067098991014,
    0.00032358614771510474,
    0.00020125286391703412,
    0.00023414986571879126,
    0.0001806100335670635,
    0.0001943747338373214,
    0.00016721514475648291,
    0.00022375426487997174,
    0.00020312081323936582,
    0.0002498395369912032,
    0.0001916081819217652,
    0.00025675040524220094,
    0.00020781662897206843,
    0.00018248297055833973,
    0.0002349621572648175,
    0.00030571886236430146,
    0.00018274446847499348,
    0.00014190203546604607,
    0.00019076411626883782,
    0.00021124793420312926,
    0.0001974169135792181,
    0.00016299140042974614,
    0.00016925435920711607
  ]
}