{
  "stage": 1,
  "epochs_trained": 38,
  "final_loss": 0.0002494840227882378,
  "convergence_met": "False",
  "early_stopped": true,
  "loss_history": [
    0.004181360476650298,
    0.0039530168869532645,
    0.003371097205672413,
    0.0029499680968001485,
    0.002987191779538989,
    0.0021139019227121025,
    0.0014438608195632696,
    0.001152766402810812,
    0.0009439893765375018,
    0.0008930311014410108,
    0.000775987995439209,
    0.000612973643001169,
    0.0006333258061204106,
    0.0005840904050273821,
    0.0004932432348141447,
    0.0005272007547318935,
    0.00042920692067127675,
    0.00042624666821211576,
    0.0004108912035007961,
    0.00040825198811944574,
    0.0004553677499643527,
    0.0004097491400898434,
    0.00044162687117932364,
    0.000373687369574327,
    0.00040001171873882413,
    0.00033835334761533886,
    0.0003374519365024753,
    0.00036642247869167477,
    0.00037574754969682544,
    0.00035706794005818665,
    0.0002861024477169849,
    0.0003525670399540104,
    0.00027163030972587876,
    0.0002642139806994237,
    0.00028961188945686445,
    0.0002602172644401435,
    0.00025006019859574735,
    0.0002494840227882378
  ]
}