{
  "stage": 2,
  "epochs_trained": 11,
  "final_loss": 0.000737419119104743,
  "convergence_met": "True",
  "early_stopped": true,
  "loss_history": [
    0.0017186409386340529,
    0.0014181971782818437,
    0.0012475870025809854,
    0.0011800543288700283,
    0.0012219110503792763,
    0.0010862369817914441,
    0.0009645743266446516,
    0.0010143544059246778,
    0.0011818671773653477,
    0.0009675883920863271,
    0.000737419119104743
  ]
}