{
  "stage": 1,
  "epochs_trained": 11,
  "final_loss": 0.0020857446070294827,
  "convergence_met": "True",
  "early_stopped": true,
  "loss_history": [
    0.004537651897408068,
    0.004050569201353937,
    0.0043185827089473605,
    0.004070871626026928,
    0.004290251061320305,
    0.0044226349564269185,
    0.004282162990421057,
    0.003897280024830252,
    0.003025262674782425,
    0.00245527271181345,
    0.0020857446070294827
  ]
}