{
  "stage": 3,
  "epochs_trained": 40,
  "final_loss": 0.0003152959543513134,
  "convergence_met": "True",
  "early_stopped": false,
  "loss_history": [
    0.000672892012516968,
    0.0006373067371896468,
    0.0004808882003999315,
    0.0005326208265614696,
    0.000627781315415632,
    0.0007191207987489179,
    0.0005170886506675743,
    0.0007360524541581981,
    0.0005118438493809663,
    0.00042776030022650957,
    0.000454694963991642,
    0.0004299821666791104,
    0.0004022280845674686,
    0.00042236031003994867,
    0.0004645519147743471,
    0.0005162394518265501,
    0.00040895883284974843,
    0.0005178373394301161,
    0.0005472523625940084,
    0.0003925485216313973,
    0.00045130731450626627,
    0.0003669613361125812,
    0.0003640267386799678,
    0.000317418194754282,
    0.0004371882532723248,
    0.0003653552048490383,
    0.0003394397863303311,
    0.0004251383797964081,
    0.0003252570750191808,
    0.00031596670305589214,
    0.00030008074099896476,
    0.0004765952835441567,
    0.0002971060821437277,
    0.00030125359626254067,
    0.0002533159604354296,
    0.0003048165344807785,
    0.00030062343284953386,
    0.0002962666330859065,
    0.00034788570337696,
    0.0003152959543513134
  ]
}