{
  "total_epochs_planned": 200,
  "total_epochs_actual": 62,
  "total_time_seconds": 31.563514947891235,
  "total_time_formatted": "0.5 min",
  "stage_metrics": {
    "1": {
      "stage": 1,
      "epochs_trained": 11,
      "final_loss": 0.0020857446070294827,
      "convergence_met": "True",
      "early_stopped": true,
      "loss_history": [
        0.004537651897408068,
        0.004050569201353937,
        0.0043185827089473605,
        0.004070871626026928,
        0.004290251061320305,
        0.0044226349564269185,
        0.004282162990421057,
        0.003897280024830252,
        0.003025262674782425,
        0.00245527271181345,
        0.0020857446070294827
      ]
    },
    "2": {
      "stage": 2,
      "epochs_trained": 11,
      "final_loss": 0.000737419119104743,
      "convergence_met": "True",
      "early_stopped": true,
      "loss_history": [
        0.0017186409386340529,
        0.0014181971782818437,
        0.0012475870025809854,
        0.0011800543288700283,
        0.0012219110503792763,
        0.0010862369817914441,
        0.0009645743266446516,
        0.0010143544059246778,
        0.0011818671773653477,
        0.0009675883920863271,
        0.000737419119104743
      ]
    },
    "3": {
      "stage": 3,
      "epochs_trained": 40,
      "final_loss": 0.0003152959543513134,
      "convergence_met": "True",
      "early_stopped": false,
      "loss_history": [
        0.000672892012516968,
        0.0006373067371896468,
        0.0004808882003999315,
        0.0005326208265614696,
        0.000627781315415632,
        0.0007191207987489179,
        0.0005170886506675743,
        0.0007360524541581981,
        0.0005118438493809663,
        0.00042776030022650957,
        0.000454694963991642,
        0.0004299821666791104,
        0.0004022280845674686,
        0.00042236031003994867,
        0.0004645519147743471,
        0.0005162394518265501,
        0.00040895883284974843,
        0.0005178373394301161,
        0.0005472523625940084,
        0.0003925485216313973,
        0.00045130731450626627,
        0.0003669613361125812,
        0.0003640267386799678,
        0.000317418194754282,
        0.0004371882532723248,
        0.0003653552048490383,
        0.0003394397863303311,
        0.0004251383797964081,
        0.0003252570750191808,
        0.00031596670305589214,
        0.00030008074099896476,
        0.0004765952835441567,
        0.0002971060821437277,
        0.00030125359626254067,
        0.0002533159604354296,
        0.0003048165344807785,
        0.00030062343284953386,
        0.0002962666330859065,
        0.00034788570337696,
        0.0003152959543513134
      ]
    }
  },
  "final_loss": 0.0003152959543513134,
  "all_stages_converged": true,
  "global_history": {
    "losses": [
      0.004537651897408068,
      0.004050569201353937,
      0.0043185827089473605,
      0.004070871626026928,
      0.004290251061320305,
      0.0044226349564269185,
      0.004282162990421057,
      0.003897280024830252,
      0.003025262674782425,
      0.00245527271181345,
      0.0020857446070294827,
      0.0017186409386340529,
      0.0014181971782818437,
      0.0012475870025809854,
      0.0011800543288700283,
      0.0012219110503792763,
      0.0010862369817914441,
      0.0009645743266446516,
      0.0010143544059246778,
      0.0011818671773653477,
      0.0009675883920863271,
      0.000737419119104743,
      0.000672892012516968,
      0.0006373067371896468,
      0.0004808882003999315,
      0.0005326208265614696,
      0.000627781315415632,
      0.0007191207987489179,
      0.0005170886506675743,
      0.0007360524541581981,
      0.0005118438493809663,
      0.00042776030022650957,
      0.000454694963991642,
      0.0004299821666791104,
      0.0004022280845674686,
      0.00042236031003994867,
      0.0004645519147743471,
      0.0005162394518265501,
      0.00040895883284974843,
      0.0005178373394301161,
      0.0005472523625940084,
      0.0003925485216313973,
      0.00045130731450626627,
      0.0003669613361125812,
      0.0003640267386799678,
      0.000317418194754282,
      0.0004371882532723248,
      0.0003653552048490383,
      0.0003394397863303311,
      0.0004251383797964081,
      0.0003252570750191808,
      0.00031596670305589214,
      0.00030008074099896476,
      0.0004765952835441567,
      0.0002971060821437277,
      0.00030125359626254067,
      0.0002533159604354296,
      0.0003048165344807785,
      0.00030062343284953386,
      0.0002962666330859065,
      0.00034788570337696,
      0.0003152959543513134
    ],
    "stages": [
      1,
      1,
      1,
      1,
      1,
      1,
      1,
      1,
      1,
      1,
      1,
      2,
      2,
      2,
      2,
      2,
      2,
      2,
      2,
      2,
      2,
      2,
      3,
      3,
      3,
      3,
      3,
      3,
      3,
      3,
      3,
      3,
      3,
      3,
      3,
      3,
      3,
      3,
      3,
      3,
      3,
      3,
      3,
      3,
      3,
      3,
      3,
      3,
      3,
      3,
      3,
      3,
      3,
      3,
      3,
      3,
      3,
      3,
      3,
      3,
      3,
      3
    ],
    "epochs": [
      0,
      1,
      2,
      3,
      4,
      5,
      6,
      7,
      8,
      9,
      10,
      11,
      12,
      13,
      14,
      15,
      16,
      17,
      18,
      19,
      20,
      21,
      22,
      23,
      24,
      25,
      26,
      27,
      28,
      29,
      30,
      31,
      32,
      33,
      34,
      35,
      36,
      37,
      38,
      39,
      40,
      41,
      42,
      43,
      44,
      45,
      46,
      47,
      48,
      49,
      50,
      51,
      52,
      53,
      54,
      55,
      56,
      57,
      58,
      59,
      60,
      61
    ]
  },
  "stage_histories": {
    "1": {
      "losses": [
        0.004537651897408068,
        0.004050569201353937,
        0.0043185827089473605,
        0.004070871626026928,
        0.004290251061320305,
        0.0044226349564269185,
        0.004282162990421057,
        0.003897280024830252,
        0.003025262674782425,
        0.00245527271181345,
        0.0020857446070294827
      ],
      "epochs": [
        0,
        1,
        2,
        3,
        4,
        5,
        6,
        7,
        8,
        9,
        10
      ],
      "lr": [
        0.001,
        0.0009997779521645793,
        0.0009991120277927223,
        0.000998002884071386,
        0.000996451615591515,
        0.0009944597532678121,
        0.00099202926282791,
        0.0009891625428724363,
        0.000985862422507884,
        0.0009821321585546244,
        0.0009779754323328191
      ]
    },
    "2": {
      "losses": [
        0.0017186409386340529,
        0.0014181971782818437,
        0.0012475870025809854,
        0.0011800543288700283,
        0.0012219110503792763,
        0.0010862369817914441,
        0.0009645743266446516,
        0.0010143544059246778,
        0.0011818671773653477,
        0.0009675883920863271,
        0.000737419119104743
      ],
      "epochs": [
        0,
        1,
        2,
        3,
        4,
        5,
        6,
        7,
        8,
        9,
        10
      ],
      "lr": [
        0.0008,
        0.0007995066325116466,
        0.0007980278823325784,
        0.0007955678026142496,
        0.0007921331362641701,
        0.0007877332974640645,
        0.0007823803458662554,
        0.0007760889535389926,
        0.0007688763647513363,
        0.0007607623487078124,
        0.000751769145362398
      ]
    },