{
  "stage": 3,
  "epochs_trained": 100,
  "final_loss": 0.00010536590707488358,
  "convergence_met": "True",
  "early_stopped": false,
  "loss_history": [
    0.00024549366207793355,
    0.00019695356968441047,
    0.0003346551166032441,
    0.00024330707492481451,
    0.00017992747598327696,
    0.00021964233928883914,
    0.00020052772742928937,
    0.0002335328572371509,
    0.00015568673552479595,
    0.0002093750226777047,
    0.00021405142069852445,
    0.00027880215930053964,
    0.00017023170221364126,
    0.00013903754734201357,
    0.00024201436099247076,
    0.0002133419293386396,
    0.000138852479722118,
    0.00015806517330929637,
    0.00016634990970487706,
    0.00014063554226595443,
    0.00016045630218286533,
    0.00012579726535477675,
    0.00018967047071782872,
    0.00023888482246547937,
    0.00017808173288358375,
    0.00015901013830443844,
    0.0001583683624630794,
    0.00017784933515940793,
    0.00015166955563472584,
    0.00012064083966834005,
    0.00014153852498566266,
    0.00012651278666453436,
    0.0001291954886255553,
    0.0001382128830300644,
    0.00016473286814289168,
    0.0001236895132024074,
    0.00015294911281671375,
    0.00012526012869784608,
    0.00015312327923311386,
    0.00012211604189360514,
    0.0001312261629209388,
    0.00011643903962976765,
    0.00013906843014410697,
    0.00012894892097392585,
    8.681776853336487e-05,
    0.00012377484927128535,
    0.00011488156997074839,
    0.00011023574916180223,
    9.166430390905589e-05,
    0.0001346624721918488,
    0.0001126165716414107,
    0.00012964954839844722,
    8.16597676021047e-05,
    0.000184706619620556,
    0.00012138969577790704,
    0.00015716510642960202,
    0.00012847093057644088,
    0.00012173140567028895,
    0.00015638717923138756,
    0.00016099731692520436,
    0.0001386591757182032,
    0.00010296693471900653,
    0.00012535484711406752,
    7.392252155113965e-05,
    0.00010406102046545129,
    0.00016066414355009329,
    0.00010411085168016143,
    9.573991883371491e-05,
    9.554675307299476e-05,
    0.00011338236799929291,
    0.00010846552868315484,
    0.00010251667663396802,
    9.159980436379556e-05,
    0.00010718767407524865,
    0.0001021069965645438,
    0.00010775494411063846,
    0.00010920309796347283,
    9.792520449991571e-05,
    9.864496314548887e-05,
    0.00012116932521166746,
    7.3313830398547e-05,
    0.00011198814354429487,
    9.728630175231956e-05,
    0.00011536146121216007,
    9.399911505170166e-05,
    9.588890861778054e-05,
    8.822431482258253e-05,
    8.418318611802533e-05,
    9.365697405883111e-05,
    9.441510519536678e-05,
    0.00010252507127006538,
    9.467067502555437e-05,
    9.217045226250775e-05,
    0.00010459225813974626,
    0.00010462386308063287,
    8.243671254604124e-05,
    9.641617907618638e-05,
    0.00010982330422848463,
    0.00011579173587961122,
    0.00010536590707488358
  ]
}